block_id,A,B,probability
0,2,10,1.0
1,1,100,1.0
2,3,100,1.0
3,3,100,1.0
4,1,10,1.0
5,2,100,1.0
6,2,100,1.0
7,1,10,1.0
8,1,1000,1.0
9,2,100,1.0
10,1,1000,1.0
11,1,10,1.0
12,1,10,0.7499999999999999
12,2,10,0.15
12,3,10,0.1
13,1,10,1.0
14,1,10,1.0
15,1,1000,1.0
16,1,100,1.0
17,1,10,1.0
18,1,1000,1.0
19,3,1000,1.0
20,1,1000,1.0
21,3,100,1.0
22,2,10,1.0
23,1,10,1.0
24,1,1000,1.0
25,1,10,0.7499999999999999
25,2,10,0.15
25,3,10,0.1
26,3,1000,1.0
